,Mx,My,Mz,Pot1,Pot2
0,-317.33965941278154,-494.2455503723992,-151.4731592287569,477,948
1,-326.3695909255,-496.2455503723992,-146.40593883531938,480,947
2,-324.3695909255,-494.2455503723992,-153.53738285439795,478,947
3,-317.396305353671,-492.85328286922686,-136.53738285439795,478,947
4,-327.33965941278154,-492.638450111083,-142.53738285439795,477,946
5,-311.396305353671,-485.638450111083,-156.53738285439795,477,946
6,-309.3695909255,-459.85328286922686,-168.53738285439795,479,939
7,-294.396305353671,-429.638450111083,-169.53738285439795,472,920
8,-277.396305353671,-400.0319825512696,-181.59861453017993,465,897
9,-268.383348815829,-379.07064270545067,-194.4731592287569,460,878
10,-253.41982604649343,-356.85328286922686,-202.3357168561488,453,856
11,-225.49678773822075,-315.2163807407609,-205.2624884733077,446,821
12,-231.33901999686395,-162.40649001946952,-209.02471672339425,451,755
13,-228.32368785977337,-173.40649001946952,-226.7597138947192,446,744
14,-223.32368785977337,-176.2163807407609,-217.7597138947192,447,742
15,-247.35366169016356,-154.40649001946952,-223.6653057839526,458,745
16,-266.33901999686395,-128.40649001946952,-209.02471672339425,473,760
17,-273.30766819754183,-242.40649001946952,-183.93941454650303,473,816
18,-281.2909639288192,-312.60232296916416,-179.851081876257,474,859
19,-279.30766819754183,-352.40273096606086,-173.6653057839526,474,881
20,-284.30766819754183,-451.2056921365578,-149.93941454650303,462,909
21,-292.30766819754183,-501.80389217161354,-147.2624884733077,476,933
22,-294.3236878597734,-491.8192889100783,-146.1862488688596,475,944
23,-288.35366169016356,-449.60232296916416,-165.10699322486744,473,920
24,-266.33901999686395,-336.40273096606086,-163.851081876257,470,848
25,-261.35366169016356,-163.61244864687328,-189.6653057839526,475,775
26,-253.33901999686395,-129.61244864687328,-215.6653057839526,471,750
27,-250.3676100210223,-134.8044644179363,-214.93941454650303,467,745
28,-241.29096392881922,-140.2163807407609,-215.02471672339425,465,746
29,-255.3676100210223,-132.40649001946952,-214.851081876257,469,746
30,-262.3236878597734,-126.21638074076091,-198.851081876257,473,756
31,-271.3676100210223,-205.20307524583734,-190.851081876257,474,798
32,-279.35366169016356,-294.2056921365578,-181.851081876257,474,840
33,-288.3676100210223,-384.80389217161354,-156.10699322486744,485,878
34,-284.35366169016356,-470.41492924765373,-147.851081876257,473,909
35,-300.3676100210223,-499.01121020858636,-147.02471672339425,475,933
36,-291.35366169016356,-492.80389217161354,-144.93941454650303,474,943
37,-286.3808620707905,-455.80389217161354,-163.10699322486744,474,930
38,-276.3676100210223,-403.40273096606086,-163.10699322486744,472,896
39,-264.3676100210223,-345.0022080539082,-181.93941454650303,468,859
40,-259.33901999686395,-261.60232296916416,-189.93941454650303,468,821
41,-264.3676100210223,-183.8044644179363,-206.7597138947192,471,783
42,-254.3808620707905,-133.61244864687328,-221.7597138947192,469,750
43,-249.3808620707905,-133.40649001946952,-208.6653057839526,467,741
44,-260.3808620707905,-129.00915158444568,-217.851081876257,472,743
45,-258.3676100210223,-120.80446441793629,-217.6653057839526,474,750
46,-270.33901999686395,-177.8044644179363,-200.851081876257,475,783
47,-276.3676100210223,-266.40273096606086,-188.7597138947192,486,821
48,-284.33901999686395,-348.80389217161354,-176.851081876257,486,864
49,-290.39341492081803,-436.01121020858636,-161.02471672339425,474,896
50,-295.3236878597734,-491.0022080539082,-151.851081876257,476,923
51,-312.3236878597734,-507.6081313268849,-139.10699322486744,474,938
52,-313.33901999686395,-505.01121020858636,-146.851081876257,475,950
53,-286.33901999686395,-466.6081313268849,-149.02471672339425,476,948
54,-277.35366169016356,-426.40273096606086,-165.02471672339425,471,911
55,-259.3236878597734,-389.2056921365578,-173.93941454650303,467,886
56,-251.32368785977337,-347.60232296916416,-185.10699322486744,464,861
57,-248.35366169016356,-294.40273096606086,-185.7597138947192,463,829
58,-253.3676100210223,-245.20307524583734,-205.93941454650303,464,805
59,-248.30766819754183,-163.20307524583734,-209.7597138947192,466,763
60,-249.3676100210223,-152.61244864687328,-219.851081876257,461,747
61,-240.3808620707905,-155.61244864687328,-226.851081876257,460,746
62,-248.30766819754183,-146.40649001946952,-215.7597138947192,463,746
63,-249.33901999686395,-142.61244864687328,-221.7597138947192,465,747
64,-269.35366169016356,-120.80446441793629,-222.7597138947192,473,748
65,-274.35366169016356,-159.40649001946952,-196.6653057839526,475,765
66,-277.35366169016356,-200.20307524583734,-197.93941454650303,474,797
67,-284.3676100210223,-263.0022080539082,-190.02471672339425,473,836
68,-290.33901999686395,-353.0022080539082,-165.7597138947192,476,867
69,-289.30766819754183,-449.40273096606086,-145.10699322486744,474,899
70,-305.3236878597734,-502.01121020858636,-127.1862488688596,474,926
71,-315.30766819754183,-507.8192889100783,-133.93941454650303,475,939
72,-302.30766819754183,-503.01121020858636,-136.02471672339425,475,947
73,-299.2909639288192,-506.2056921365578,-138.10699322486744,475,952
74,-307.2909639288192,-495.6081313268849,-127.93941454650303,473,956
75,-306.3236878597734,-501.01121020858636,-144.02471672339425,470,954
76,-313.35366169016356,-495.8192889100783,-129.02471672339425,475,956
77,-311.3808620707905,-503.6081313268849,-139.02471672339425,474,987
78,-309.3236878597734,-503.6081313268849,-130.02471672339425,475,955
79,-310.3676100210223,-503.01121020858636,-139.93941454650303,475,956
80,-310.33901999686395,-504.2056921365578,-127.7597138947192,475,955
81,-315.3676100210223,-505.6081313268849,-137.93941454650303,478,955
82,-319.3676100210223,-503.2056921365578,-134.1862488688596,477,956
83,-316.3676100210223,-503.01121020858636,-128.2624884733077,476,956
84,-319.39341492081803,-509.6081313268849,-138.02471672339425,477,955
85,-315.405265652455,-503.2056921365578,-129.02471672339425,476,955
86,-315.405265652455,-506.6081313268849,-130.56785272602042,476,955
87,-315.405265652455,-504.01121020858636,-129.1862488688596,478,955
88,-313.3676100210223,-503.2056921365578,-137.7597138947192,478,955
89,-322.39341492081803,-502.01121020858636,-141.02471672339425,476,955
90,-317.39341492081803,-504.01121020858636,-126.02471672339425,475,955
91,-320.4455890221002,-497.8192889100783,-125.85108187625701,476,955
92,-320.4455890221002,-502.41492924765373,-126.02471672339425,475,955
93,-319.4614621116825,-498.01121020858636,-138.1862488688596,475,954
94,-315.41641134705173,-498.6081313268849,-132.1862488688596,477,955
95,-317.4365759505241,-500.6081313268849,-123.93941454650303,475,955
96,-319.4455890221002,-497.6081313268849,-132.7597138947192,476,955
97,-315.4455890221002,-508.01121020858636,-138.02471672339425,476,954
98,-315.4365759505241,-502.41492924765373,-134.851081876257,477,956
99,-338.1432738542761,-390.3713889990589,-150.68410163013755,455,932
100,-338.1432738542761,-394.82783043963684,-144.68410163013755,456,932
101,-341.1432738542761,-393.91562499516147,-145.17054171863583,455,932
102,-344.52420498279173,-391.46053796195315,-146.17054171863583,458,934
103,-338.1432738542761,-392.7427474948001,-144.42853339103704,457,933
104,-343.3343867206937,-391.3713889990589,-146.9101314308707,458,920
105,-347.3343867206937,-387.91562499516147,-148.68410163013755,458,932
106,-344.75715263388213,-387.82783043963684,-145.9101314308707,457,933
107,-350.75715263388213,-393.3713889990589,-143.68410163013755,461,932
108,-359.9508634648888,-390.28494978288677,-144.68410163013755,461,933
109,-359.1432738542761,-385.82783043963684,-146.17054171863583,461,932
110,-346.3343867206937,-358.46053796195315,-146.42853339103704,459,932
111,-328.1432738542761,-333.28494978288677,-178.6473073456782,450,933
112,-309.75715263388213,-302.7427474948001,-188.38207428099554,442,912
113,-298.9508634648888,-277.7427474948001,-207.11443705475972,433,891
114,-300.7127315592196,-256.82783043963684,-195.8444004849075,432,867
115,-302.9508634648888,-250.37138899905892,-201.8444004849075,429,857
116,-294.9508634648888,-227.46053796195318,-213.6473073456782,423,842
117,-309.9508634648888,-169.46053796195318,-209.8444004849075,425,736
118,-320.3343867206937,-96.74274749480008,-225.01994289302274,425,758
119,-317.5621384426057,-102.82783043963684,-219.8444004849075,423,748
120,-317.3343867206937,-96.74274749480008,-216.57196938937614,424,747
121,-328.52420498279173,-96.20122404136822,-202.57196938937614,436,759
122,-328.1432738542761,-168.12021550243477,-192.4583961091953,440,805
123,-311.9508634648888,-300.50380560373173,-171.74035712807472,441,860
124,-300.9508634648888,-392.966364944049,-167.17406465432077,441,893
125,-327.1432738542761,-405.4296063809612,-146.30689585309915,443,910
126,-324.7127315592196,-383.4296063809612,-144.74035712807472,445,912
127,-323.1432738542761,-380.50380560373173,-158.59830970833582,438,912
128,-307.3343867206937,-339.966364944049,-172.88736758138884,438,914
129,-293.1432738542761,-293.4296063809612,-171.59830970833582,434,852
130,-293.1432738542761,-225.82342793118127,-188.59830970833582,427,804
131,-304.1432738542761,-148.04192789401787,-206.30689585309915,428,760
132,-309.9508634648888,-103.74274749480008,-221.71701946782196,428,722
133,-313.5621384426057,-101.04192789401787,-215.41856657365497,422,712
134,-304.1432738542761,-108.66037988858267,-219.41856657365497,424,714
135,-312.5621384426057,-107.50380560373173,-224.59830970833582,426,715
136,-313.9508634648888,-137.04192789401787,-215.01313083361538,429,735
137,-289.7127315592196,-203.4296063809612,-207.8146554719499,428,780
138,-282.3343867206937,-298.89353038045965,-185.41856657365497,427,817
139,-280.1432738542761,-382.28940241438727,-161.50920690028556,428,859
140,-286.1432738542761,-402.6914342872833,-157.50920690028556,436,879
141,-305.1432738542761,-415.7560613241453,-161.9472265513225,441,890
142,-318.7127315592196,-411.28940241438727,-161.57894691728825,446,910
143,-310.5621384426057,-386.2234051264468,-164.89134780501786,443,912
144,-300.1432738542761,-350.2234051264468,-168.89134780501786,438,900
145,-281.75715263388213,-325.7560613241453,-178.26423822674406,429,870
146,-268.52420498279173,-288.28940241438727,-182.30631351759416,422,837
147,-283.1432738542761,-225.28940241438724,-194.62791670896013,421,795
148,-294.3343867206937,-137.82342793118127,-214.9472265513225,422,738
149,-291.5621384426057,-116.89353038045965,-220.30631351759416,415,713
150,-296.96924652066116,-118.89353038045965,-232.9472265513225,414,708
151,-294.5621384426057,-112.28940241438724,-221.62791670896013,415,709
152,-301.3658179724099,-123.28940241438724,-210.30631351759416,419,717
153,-292.9508634648888,-173.7560613241453,-202.65624635959875,422,751
154,-284.3658179724099,-258.28940241438727,-196.65624635959875,421,796
155,-273.3658179724099,-325.09963858091646,-186.32779202884308,423,831
156,-284.3658179724099,-386.57041383580685,-178.99706362083157,429,863
157,-301.5621384426057,-405.57041383580685,-153.664065953501,440,879
158,-301.75715263388213,-408.09963858091646,-152.32779202884308,440,893
159,-299.5621384426057,-385.57041383580685,-155.65624635959875,440,896
160,-290.3658179724099,-367.16014927264604,-162.99706362083157,435,900
161,-284.75715263388213,-336.6295505485266,-166.99706362083157,430,884
162,-271.5621384426057,-312.2234051264468,-182.99706362083157,421,853
163,-263.5621384426057,-269.16014927264604,-192.99128211263042,414,816
164,-276.5621384426057,-221.2234051264468,-203.32880384478813,413,786
165,-281.5621384426057,-151.2234051264468,-210.99128211263042,413,739
166,-289.3658179724099,-117.69143428728327,-213.32880384478813,413,706
167,-285.96924652066116,-123.69143428728327,-223.96520735485524,409,701
168,-286.96924652066116,-121.69143428728327,-223.30947904972686,411,701
169,-288.3658179724099,-121.2234051264468,-221.91896943180313,412,701
170,-285.3658179724099,-136.2234051264468,-205.96520735485524,414,713
171,-286.168188304645,-169.69143428728327,-200.61869530828608,414,736
172,-274.168188304645,-223.09963858091643,-194.30947904972686,413,772
173,-257.3658179724099,-290.0418767791894,-195.96520735485524,413,802
174,-248.75715263388213,-357.0418767791894,-182.26994772795638,407,835
175,-256.168188304645,-393.0418767791894,-169.91896943180313,416,855
176,-264.768989701808,-400.4603964002039,-159.21033996377378,421,868
177,-261.96924652066116,-399.4603964002039,-158.76652442705767,421,873
178,-271.3645192848952,-389.51402787705547,-158.03141544536197,421,874
179,-267.96924652066116,-387.98686759539646,-161.76652442705767,421,878
180,-267.168188304645,-377.51402787705547,-156.1307858414766,422,878
181,-269.768989701808,-389.57041383580685,-154.76652442705767,423,878
182,-272.1602998495356,-378.88512199333866,-161.1307858414766,422,877
183,-265.96924652066116,-386.4603964002039,-155.49284544769353,421,879
184,-269.768989701808,-389.51402787705547,-162.76652442705767,422,879
185,-265.168188304645,-382.4603964002039,-159.40006602237395,426,877
186,-270.56741492943604,-385.98686759539646,-160.1307858414766,422,878
187,-264.96924652066116,-389.98686759539646,-161.1307858414766,421,879
188,-267.3645192848952,-386.4603964002039,-148.66057751395897,422,879
189,-269.768989701808,-387.0418767791894,-160.03141544536197,422,878
190,-272.1602998495356,-386.98686759539646,-152.1307858414766,422,882
191,-270.56741492943604,-386.98686759539646,-159.03141544536197,420,879
192,-263.96924652066116,-389.0418767791894,-175.56576523776334,422,879
193,-266.56741492943604,-382.4603964002039,-162.76652442705767,420,880
194,-267.56741492943604,-388.4603964002039,-153.76652442705767,422,880
195,-266.168188304645,-388.98686759539646,-152.1307858414766,422,878
196,-267.768989701808,-387.4603964002039,-170.85269842777166,422,879
197,-269.768989701808,-388.51402787705547,-154.1307858414766,421,878
198,-301.2318186128965,-306.0939694319651,-92.50735064893911,401,902
199,-310.8001932198398,-304.66426198528984,-76.87183294682245,403,902
200,-311.8001932198398,-310.66426198528984,-80.23482649117,405,901
201,-310.2318186128965,-311.23521333563775,-72.50735064893911,405,901
202,-309.5148527308912,-309.3790905634373,-78.5963360999192,406,901
203,-305.6614722748574,-307.23521333563775,-77.31492278236988,407,902
204,-301.08915128707224,-312.3790905634373,-81.95636659100683,409,902
205,-296.6614722748574,-308.80682301701734,-76.67200949194512,406,902
206,-294.5148527308912,-301.66426198528984,-94.95636659100683,403,901
207,-285.5148527308912,-293.952015508906,-99.5963360999192,398,899
208,-285.5148527308912,-281.66426198528984,-101.67200949194512,397,888
209,-292.36031123874193,-262.23521333563775,-103.5963360999192,396,875
210,-290.6614722748574,-248.37909056343727,-121.95636659100683,396,854
211,-292.6614722748574,-210.52433614165503,-120.67200949194512,397,769
212,-303.08915128707224,-185.23521333563775,-126.95636659100683,396,796
213,-318.6614722748574,-124.80682301701736,-129.31492278236988,397,760
214,-329.6614722748574,-59.66426198528987,-152.95636659100683,394,702
215,-327.08915128707224,-57.952015508906044,-150.67200949194512,398,697
216,-331.8001932198398,-51.23521333563775,-149.31492278236988,399,697
217,-344.5148527308912,-42.806823017017365,-140.31492278236988,402,698
218,-346.2318186128965,-51.23521333563775,-133.95636659100683,412,708
219,-339.9385736876642,-107.09396943196512,-122.95636659100683,412,746
220,-320.5148527308912,-194.09396943196512,-118.02763153766955,412,789
221,-298.8001932198398,-292.95536258035094,-103.95636659100683,413,824
222,-311.2318186128965,-318.1204070186212,-84.67200949194512,416,849
223,-309.08915128707224,-314.38704921404434,-94.95636659100683,417,861
224,-296.2318186128965,-303.8193965087266,-98.95636659100683,413,862
225,-289.5148527308912,-293.38704921404434,-93.38179373748017,406,862
226,-276.36031123874193,-284.2524049303892,-116.31492278236988,398,860
227,-285.5148527308912,-265.8193965087266,-109.67200949194512,399,858
228,-290.2318186128965,-225.38704921404434,-115.31492278236988,399,843
229,-301.9385736876642,-170.95536258035094,-131.31492278236988,398,805
230,-311.6614722748574,-121.52433614165503,-138.31492278236988,398,761
231,-319.08915128707224,-67.66426198528987,-157.67200949194512,396,713
232,-323.6614722748574,-57.806823017017365,-150.5963360999192,397,699
233,-329.2318186128965,-52.806823017017365,-146.5963360999192,396,694
234,-330.08915128707224,-62.23521333563775,-147.23482649117,396,701
235,-320.9310389150377,-111.52433614165503,-137.5963360999192,397,732
236,-305.36659901433666,-179.09396943196512,-119.31492278236988,396,776
237,-279.36659901433666,-256.0939694319651,-126.95636659100683,396,807
238,-269.2318186128965,-301.1204070186212,-102.67200949194512,396,832
239,-274.36659901433666,-306.38704921404434,-106.02763153766955,399,844
240,-276.8001932198398,-303.8193965087266,-111.73450090931397,400,850
241,-274.2318186128965,-285.2524049303892,-113.95636659100683,399,849
242,-278.36659901433666,-271.38704921404434,-118.67200949194512,399,846
243,-277.36659901433666,-251.95536258035094,-116.5963360999192,399,843
244,-290.2318186128965,-229.52433614165503,-126.67200949194512,397,844
245,-293.2318186128965,-213.52433614165503,-123.67200949194512,397,830
246,-296.36659901433666,-202.95536258035094,-124.95636659100683,396,820
247,-298.36659901433666,-175.95536258035094,-137.95636659100683,396,801
248,-303.49351584059207,-141.66426198528987,-138.5963360999192,395,771
249,-318.9310389150377,-92.23521333563775,-146.31492278236988,395,731
250,-316.9310389150377,-59.806823017017365,-163.31492278236988,394,697
251,-319.9385736876642,-65.80682301701736,-153.31492278236988,391,687
252,-322.08915128707224,-66.37909056343727,-148.02763153766955,391,684
253,-323.6614722748574,-62.09983573302446,-160.02763153766955,391,688
254,-328.08915128707224,-58.09983573302446,-147.67200949194512,392,683
255,-339.36031123874193,-58.09983573302446,-149.02763153766955,395,683
256,-334.5148527308912,-62.37909056343727,-142.95636659100683,395,691
257,-331.08915128707224,-75.66426198528987,-137.73450090931397,396,704
258,-325.08915128707224,-98.23521333563775,-136.31492278236988,396,714
259,-314.08915128707224,-134.95201550890604,-136.67200949194512,395,746
260,-304.5148527308912,-180.23521333563775,-130.02763153766955,394,776
261,-288.5148527308912,-224.23521333563775,-127.02763153766955,393,799
262,-281.08915128707224,-260.23521333563775,-128.02763153766955,394,813
263,-271.08915128707224,-302.0939694319651,-104.31492278236988,393,836
264,-270.08915128707224,-317.0939694319651,-108.31492278236988,395,844
265,-265.5148527308912,-321.524336141655,-106.38179373748017,398,854
266,-271.5148527308912,-315.524336141655,-102.73450090931397,398,857
267,-270.08915128707224,-315.524336141655,-103.02763153766955,396,857
268,-274.6614722748574,-308.66426198528984,-100.38179373748017,397,857
269,-275.9385736876642,-307.95536258035094,-108.38179373748017,396,846
270,-275.6614722748574,-311.95536258035094,-103.73450090931397,395,860
271,-267.08915128707224,-308.95536258035094,-92.08575787110794,396,858
272,-268.19782444921054,-302.524336141655,-99.67200949194512,394,1023
273,-270.5148527308912,-297.66426198528984,-112.73450090931397,394,859
274,-269.9385736876642,-287.66426198528984,-107.73450090931397,393,853
275,-279.9385736876642,-261.66426198528984,-112.73450090931397,395,1023
276,-282.9385736876642,-242.37909056343727,-123.38179373748017,391,1023
277,-282.9385736876642,-220.37909056343727,-127.73450090931397,379,1023
278,-288.9385736876642,-192.80682301701736,-128.02763153766955,387,891
279,-288.5148527308912,-150.37909056343727,-132.38179373748017,383,772
280,-305.19782444921054,-121.67473007969122,-131.38179373748017,385,738
281,-317.19782444921054,-81.37909056343727,-139.95636659100683,385,722
282,-322.36031123874193,-69.52559738743227,-141.73450090931397,383,682
283,-317.19782444921054,-70.95201550890604,-155.67200949194512,382,682
284,-323.19782444921054,-70.37909056343727,-140.02763153766955,382,682
285,-320.9385736876642,-70.25027996144112,-143.31492278236988,381,681
286,-320.19782444921054,-68.52559738743227,-140.38179373748017,383,682
287,-324.78006246547386,-68.67473007969122,-138.02763153766955,384,683
288,-328.78006246547386,-68.09983573302446,-147.67200949194512,387,682
289,-318.19782444921054,-75.52559738743227,-144.31492278236988,386,692
290,-318.19782444921054,-105.37909056343727,-131.38179373748017,386,714
291,-302.36031123874193,-144.23521333563775,-129.67200949194512,386,746
292,-287.19782444921054,-209.23521333563775,-123.67200949194512,385,780
293,-263.78006246547386,-274.66426198528984,-113.38179373748017,384,807
294,-258.0273690130979,-299.524336141655,-106.08575787110794,386,833
295,-260.78006246547386,-297.66426198528984,-102.73450090931397,387,839
296,-254.61359427130185,-304.0939694319651,-109.73450090931397,387,841
297,-219.8644647930272,-297.35813740853587,-154.08575787110794,387,843
298,-219.34346027554068,-293.89353038045965,-160.08575787110794,387,843
299,-216.34346027554068,-292.35813740853587,-145.43556944079864,387,843
300,-224.90096724569787,-290.89353038045965,-160.7839404363233,387,841
301,-221.34346027554068,-291.966364944049,-160.13087567561888,387,843
302,-223.34346027554068,-291.89353038045965,-160.43556944079864,386,843
303,-223.38363475596282,-294.89353038045965,-140.43556944079864,386,843
304,-230.38363475596282,-287.35813740853587,-156.73450090931397,386,844
305,-223.8644647930272,-287.35813740853587,-158.13087567561888,389,843
306,-225.38363475596282,-286.35813740853587,-151.7839404363233,386,842
307,-227.34346027554068,-283.8234279311813,-148.43556944079864,386,843
308,-225.90096724569787,-284.89353038045965,-142.7839404363233,387,846
309,-229.8644647930272,-281.8234279311813,-148.43556944079864,386,840
310,-228.8644647930272,-258.4296063809612,-150.73450090931397,386,1023
311,-232.90096724569787,-238.89353038045965,-149.43556944079864,385,1023
312,-245.82062412215316,-196.4296063809612,-152.08575787110794,385,828
313,-247.82062412215316,-167.58073134891606,-158.73450090931397,380,795
314,-262.3434602755407,-112.35813740853587,-171.38179373748017,381,679
315,-282.8644647930272,-55.66037988858267,-174.73450090931397,381,656
316,-276.90096724569787,-61.58073134891606,-179.73450090931397,372,683
317,-275.8644647930272,-57.66037988858267,-177.08575787110794,372,679
318,-285.3836347559628,-57.041927894017874,-184.38179373748017,370,678
319,-274.3434602755407,-65.66037988858267,-170.7839404363233,369,679
320,-273.3836347559628,-92.50380560373173,-168.08575787110794,378,705
321,-261.3836347559628,-162.4296063809612,-163.43556944079864,376,705
322,-242.8644647930272,-229.50380560373173,-153.73450090931397,377,790
323,-229.38363475596282,-272.4296063809612,-146.7839404363233,382,807
324,-233.38363475596282,-282.966364944049,-145.13087567561888,387,824
325,-232.38363475596282,-284.35813740853587,-142.43556944079864,387,833
326,-229.38363475596282,-276.8234279311813,-143.13087567561888,386,835
327,-231.38363475596282,-278.8234279311813,-135.13087567561888,386,837
328,-230.90096724569787,-267.35813740853587,-159.13087567561888,386,835
329,-239.82062412215316,-255.35813740853587,-142.43556944079864,386,1023
330,-245.8644647930272,-217.4296063809612,-157.7839404363233,385,827
331,-258.8644647930272,-189.89353038045965,-164.08575787110794,385,807
332,-255.29595925151455,-165.04192789401787,-168.73450090931397,383,791
333,-267.3434602755407,-137.50380560373173,-163.13087567561888,383,765
334,-275.2411550330843,-85.58073134891606,-176.73450090931397,383,725
335,-282.29595925151455,-54.120215502434775,-173.73450090931397,380,688
336,-279.17907096944793,-52.58073134891606,-172.08575787110794,379,701
337,-288.7694685822752,-57.58073134891606,-169.08575787110794,380,681
338,-279.7694685822752,-60.58073134891606,-170.08575787110794,382,683
339,-275.29595925151455,-98.74274749480008,-171.73450090931397,382,713
340,-259.3434602755407,-183.04192789401787,-158.43556944079864,382,765
341,-243.24115503308428,-235.4296063809612,-146.73450090931397,379,793
342,-237.82062412215316,-274.89353038045965,-146.7839404363233,384,813
343,-239.34346027554068,-294.35813740853587,-140.13087567561888,388,828
344,-237.29595925151455,-294.89353038045965,-138.7839404363233,388,838
345,-238.34346027554068,-288.4296063809612,-153.13087567561888,387,839
346,-235.24115503308428,-267.4296063809612,-149.43556944079864,386,1023
347,-247.34346027554068,-243.4296063809612,-152.43556944079864,386,1023
348,-251.8644647930272,-202.4296063809612,-158.73450090931397,388,820
349,-260.3434602755407,-174.4296063809612,-166.43556944079864,384,801
350,-272.2411550330843,-144.96636494404902,-169.7839404363233,383,774
351,-272.7694685822752,-107.66037988858267,-170.43556944079864,381,741
352,-287.90096724569787,-63.120215502434775,-178.43556944079864,383,701
353,-286.82062412215316,-65.04192789401787,-179.73450090931397,377,684
354,-285.82062412215316,-61.041927894017874,-174.38179373748017,377,682
355,-281.82062412215316,-58.120215502434775,-169.43556944079864,378,680
356,-287.82062412215316,-68.12021550243477,-175.08575787110794,379,685
357,-281.90096724569787,-97.04192789401787,-162.08575787110794,379,707
358,-261.82062412215316,-177.50380560373173,-158.43556944079864,381,762
359,-239.34346027554068,-246.35813740853587,-150.7839404363233,381,794
360,-227.82062412215316,-284.35813740853587,-144.43556944079864,383,811
361,-233.34346027554068,-292.4296063809612,-141.08575787110794,386,825
362,-231.90096724569787,-284.89353038045965,-136.43556944079864,386,831
363,-235.34346027554068,-280.89353038045965,-135.7839404363233,386,835
364,-230.76946858227518,-287.4296063809612,-139.13087567561888,384,836
365,-234.34346027554068,-276.35813740853587,-142.13087567561888,384,838
366,-240.82062412215316,-249.89353038045965,-147.08575787110794,383,1023
367,-247.29595925151455,-213.89353038045965,-151.08575787110794,386,822
368,-252.34346027554068,-199.96636494404902,-152.38179373748017,384,809
369,-261.8644647930272,-185.4296063809612,-166.08575787110794,381,800
370,-263.3836347559628,-169.4296063809612,-159.13087567561888,381,785
371,-266.3836347559628,-145.04192789401787,-168.73450090931397,381,768
372,-276.8644647930272,-106.12021550243477,-165.38179373748017,379,733
373,-284.82062412215316,-70.66037988858267,-167.7839404363233,381,696
374,-283.90096724569787,-63.58073134891606,-167.08575787110794,382,682
375,-291.3434602755407,-66.12021550243477,-175.43556944079864,381,681
376,-283.82062412215316,-63.120215502434775,-170.7839404363233,378,676
377,-284.8644647930272,-63.120215502434775,-166.08575787110794,381,681
378,-285.8644647930272,-65.28494978288677,-161.08575787110794,379,682
379,-281.82062412215316,-76.04192789401787,-165.73450090931397,380,700
380,-274.3434602755407,-120.04192789401787,-157.08575787110794,382,732
381,-261.3434602755407,-176.4296063809612,-153.13087567561888,382,765
382,-240.24115503308428,-232.96636494404902,-149.73450090931397,382,794
383,-230.82062412215316,-267.4296063809612,-142.08575787110794,385,811
384,-233.34346027554068,-285.89353038045965,-140.7839404363233,387,826
385,-233.29595925151455,-279.35813740853587,-137.7839404363233,387,834
386,-238.76946858227518,-282.966364944049,-132.43556944079864,386,837
387,-238.17907096944793,-283.966364944049,-140.7839404363233,387,856
388,-232.17907096944793,-285.4296063809612,-139.7839404363233,391,841
389,-234.76946858227518,-286.8234279311813,-146.08575787110794,387,843
390,-235.24115503308428,-289.4296063809612,-145.08575787110794,387,842
391,-239.71102152259175,-285.28940241438727,-140.13087567561888,387,841
392,-234.64530629230273,-283.35813740853587,-134.43556944079864,387,842
393,-236.64530629230273,-277.89353038045965,-140.7839404363233,386,842
394,-237.17907096944793,-278.89353038045965,-142.7839404363233,387,841
395,-237.17907096944793,-286.966364944049,-144.08575787110794,386,843
396,-214.07567761910184,-231.54785059173432,-124.40814884643146,299,800
397,-209.7912094649363,-239.20784065804165,-128.3023879447951,299,817
398,-213.145857265465,-237.96187552348945,-116.40814884643146,303,803
399,-213.43448194326527,-228.6244607026261,-112.96859556083405,301,802
400,-217.43448194326527,-232.79187009065168,-113.52538059907647,300,800
401,-219.84890202849567,-239.96187552348945,-106.18882750418425,301,798
402,-221.145857265465,-235.37654853446475,-116.52538059907647,300,799
403,-224.43448194326527,-227.6244607026261,-105.62656440551223,302,799
404,-219.4984224262015,-230.13447327320793,-121.96859556083405,302,800
405,-221.145857265465,-224.37654853446475,-118.96859556083405,301,799
406,-222.145857265465,-218.37654853446475,-113.52538059907647,300,798
407,-221.145857265465,-209.20784065804165,-118.3023879447951,301,794
408,-222.43448194326527,-198.96187552348945,-123.3023879447951,301,792
409,-225.71479941109612,-192.20784065804165,-126.96859556083405,302,786
410,-236.07567761910184,-175.54785059173432,-123.74744819844364,301,776
411,-241.43448194326527,-157.96187552348945,-120.96859556083405,300,764
412,-246.43448194326527,-141.96187552348945,-129.52538059907647,297,676
413,-260.07567761910184,-102.13447327320793,-129.3023879447951,297,767
414,-271.145857265465,-74.89822233708693,-122.52538059907647,296,580
415,-272.7147994110961,-85.48743081156115,-143.3023879447951,292,644
416,-270.7912094649363,-78.48743081156115,-123.18882750418425,291,646
417,-271.6197506705229,-73.48743081156115,-134.52538059907647,294,647
418,-272.43448194326527,-82.85071288225961,-138.84407899936377,291,647
419,-259.98683301815674,-106.30965961187567,-136.40814884643146,296,535
420,-243.98683301815674,-156.89822233708693,-119.40814884643146,292,744
421,-228.71479941109612,-195.72174310191886,-124.40814884643146,295,769
422,-222.07567761910184,-218.96187552348945,-105.84407899936377,293,782
423,-212.3518502378978,-222.37654853446475,-113.18882750418425,296,787
424,-220.71479941109612,-217.54785059173432,-117.62656440551223,286,781
425,-220.98683301815674,-198.79187009065168,-123.40814884643146,297,787
426,-224.07567761910184,-185.30965961187567,-119.84407899936377,299,778
427,-230.71479941109612,-168.54785059173432,-119.40814884643146,298,779
428,-241.07567761910184,-152.72174310191886,-114.49126516891192,298,767
429,-248.71479941109612,-126.89822233708693,-128.18882750418425,298,742
430,-252.3518502378978,-111.30965961187567,-132.62656440551223,297,723
431,-255.3518502378978,-93.72174310191886,-137.18882750418425,298,701
432,-257.87940226617627,-66.30965961187567,-145.3023879447951,295,661
433,-254.75346416670857,-60.13447327320793,-144.74744819844364,292,647
434,-254.13082837405784,-53.961875523489454,-146.96859556083405,293,647
435,-254.75346416670857,-51.898222337086935,-147.18882750418425,296,644
436,-257.75346416670857,-60.72174310191886,-142.62656440551223,300,660
437,-252.75346416670857,-74.72174310191886,-135.84407899936377,302,693
438,-241.9925958226794,-104.13447327320793,-142.62656440551223,301,718
439,-230.75346416670857,-146.54785059173432,-130.40814884643146,302,752
440,-212.37405234336586,-180.20784065804165,-135.84407899936377,301,775
441,-218.37405234336586,-199.79187009065168,-125.84407899936377,301,785
442,-214.13082837405784,-200.54785059173432,-125.84407899936377,301,788
443,-212.0547449118427,-201.79187009065168,-119.40814884643146,301,791
444,-219.22356036387612,-195.79187009065168,-127.84407899936377,300,789
445,-218.0547449118427,-187.54785059173432,-125.62656440551223,301,789
446,-221.0547449118427,-173.13447327320793,-124.62656440551223,301,783
447,-228.22356036387612,-149.13447327320793,-137.62656440551223,300,769
448,-236.60909752329974,-129.54785059173432,-140.40814884643146,297,752
449,-239.8359872630591,-108.72174310191886,-150.62656440551223,301,728
450,-246.0547449118427,-87.72174310191886,-133.84407899936377,299,688
451,-252.9925958226794,-72.89822233708693,-152.62656440551223,299,668
452,-248.8359872630591,-66.72174310191886,-152.18882750418425,293,650
453,-252.44638113949793,-63.66778314433299,-148.40814884643146,294,646
454,-254.8359872630591,-55.13447327320793,-144.74744819844364,297,645
455,-256.0547449118427,-60.309659611875674,-152.40814884643146,299,656
456,-248.0547449118427,-82.30965961187567,-145.84407899936377,300,680
457,-245.66108149874333,-106.30965961187567,-135.84407899936377,301,718
458,-235.0547449118427,-145.13447327320793,-138.84407899936377,300,752
459,-225.22356036387612,-175.72174310191886,-121.62656440551223,301,770
460,-214.0547449118427,-191.96187552348945,-121.62656440551223,301,780
461,-207.66108149874333,-206.20784065804165,-127.96859556083405,306,789
462,-214.0547449118427,-213.54785059173432,-122.40814884643146,305,794
463,-215.0547449118427,-203.6244607026261,-122.27642456312674,306,792
464,-219.0547449118427,-205.96187552348945,-126.40814884643146,305,793
465,-216.44638113949793,-195.96187552348945,-130.62656440551223,305,790
466,-223.2653938188497,-184.96187552348945,-121.84407899936377,304,788
467,-225.0547449118427,-173.13447327320793,-127.84407899936377,305,786
468,-229.8359872630591,-157.96187552348945,-126.18882750418425,302,779
469,-242.0547449118427,-140.54785059173432,-132.96859556083405,303,760
470,-243.2653938188497,-122.13447327320793,-137.62656440551223,303,737
471,-247.0662143649032,-101.72174310191886,-128.40814884643146,302,719
472,-260.2653938188497,-73.96187552348945,-134.40814884643146,301,681
473,-265.2653938188497,-55.487430811561154,-134.18882750418425,301,653
474,-260.86768479081195,-55.13447327320793,-132.18882750418425,300,649
475,-262.66108149874333,-56.309659611875674,-147.84407899936377,301,648
476,-260.0547449118427,-57.487430811561154,-135.18882750418425,302,647
477,-264.2235603638761,-47.72174310191886,-136.62656440551223,302,647
478,-256.60909752329974,-50.07728456930698,-137.40814884643146,305,648
479,-259.60909752329974,-55.487430811561154,-131.84407899936377,304,656
480,-261.2235603638761,-75.72174310191886,-132.40814884643146,304,689
481,-242.44638113949793,-119.54785059173432,-118.84407899936377,304,735
482,-233.60909752329974,-166.89822233708693,-116.06069744592287,304,765
483,-225.37405234336586,-186.72174310191886,-111.62656440551223,304,781
484,-218.9925958226794,-192.72174310191886,-111.49126516891192,305,786
485,-222.60909752329974,-191.72174310191886,-100.70522408121565,305,787
486,-222.9925958226794,-190.13447327320793,-110.70522408121565,305,789
487,-221.60909752329974,-192.54785059173432,-118.06069744592287,305,790
488,-218.37405234336586,-202.30965961187567,-106.70522408121565,305,791
489,-217.37405234336586,-197.72174310191886,-108.27642456312674,305,792
490,-220.9925958226794,-205.54785059173432,-111.06069744592287,305,796
491,-222.60909752329974,-204.13447327320793,-109.06069744592287,307,790
492,-220.37405234336586,-207.30965961187567,-108.06069744592287,306,789
493,-223.37405234336586,-207.72174310191886,-94.84407899936377,305,792
494,-222.60909752329974,-202.89822233708693,-96.70522408121565,305,790
495,-142.82812045789535,-226.42766159830964,-117.47580300163236,264,779
496,-148.80807759651464,-226.66260659901172,-110.92381221929668,264,778
497,-146.59714452629999,-223.42766159830964,-115.51585153399151,263,778
498,-151.59714452629999,-230.04482170883642,-112.51585153399151,264,779
499,-150.1684642484139,-228.04482170883642,-115.22057386097686,264,778
500,-155.73071791158497,-229.90004885434195,-116.22057386097686,264,780
501,-153.38393910404977,-230.51970528751403,-116.51585153399151,265,781
502,-147.73071791158497,-230.28101580284402,-112.22057386097686,264,778
503,-149.95072287804226,-224.8111267334227,-116.51585153399151,267,777
504,-147.1684642484139,-226.66260659901172,-111.22057386097686,265,777
505,-153.38393910404977,-230.90004885434195,-114.22057386097686,263,777
506,-151.38393910404977,-223.28101580284402,-119.95606991616228,263,776
507,-157.95072287804226,-218.13998463636887,-117.36839578459899,262,773
508,-163.95072287804226,-197.90004885434195,-119.80968378183638,261,771
509,-172.1684642484139,-183.51970528751403,-113.51585153399151,257,760
510,-183.28392886501263,-154.38241021716098,-129.368395784599,262,621
511,-195.38393910404977,-115.62732186878682,-123.66294592709164,257,664
512,-197.38393910404977,-111.00455551711539,-125.66294592709164,259,637
513,-198.38393910404977,-106.49934257418872,-144.368395784599,261,635
514,-198.38393910404977,-107.25070880618378,-135.368395784599,267,635
515,-195.50845226769195,-102.00455551711539,-127.36839578459899,256,638
516,-185.73071791158497,-126.38241021716098,-135.368395784599,261,684
517,-167.95072287804226,-170.51970528751403,-116.80968378183638,262,713
518,-157.73071791158497,-210.38241021716098,-119.80968378183638,264,768
519,-145.38393910404977,-226.51970528751403,-117.66294592709164,261,778
520,-144.80807759651464,-224.51970528751403,-111.95606991616228,247,780
521,-147.1684642484139,-227.76088643491497,-120.95606991616228,262,778
522,-151.38393910404977,-219.51970528751403,-112.10210914800655,262,775
523,-158.95072287804226,-203.38241021716098,-122.95606991616228,262,770
524,-165.38393910404977,-181.13998463636887,-118.51585153399151,263,759
525,-171.95072287804226,-173.76088643491497,-122.80968378183638,261,753
526,-178.1684642484139,-160.0045555171154,-117.80968378183638,259,737
527,-188.1684642484139,-140.76088643491497,-128.95606991616228,261,706
528,-191.95072287804226,-121.25070880618378,-118.95606991616228,261,673
529,-200.50845226769195,-106.87471586331489,-132.95606991616228,259,640
530,-201.1684642484139,-107.62732186878682,-126.10210914800655,260,635
531,-197.38393910404977,-101.87471586331489,-116.95606991616228,262,633
532,-203.50845226769195,-96.49934257418872,-128.95606991616228,262,636
533,-196.95072287804226,-117.87471586331489,-141.66294592709164,263,658
534,-191.1684642484139,-138.62732186878682,-122.10210914800655,263,724
535,-176.95072287804226,-166.0045555171154,-126.39316617599775,263,738
536,-167.95072287804226,-188.0045555171154,-117.95606991616228,263,762
537,-157.1684642484139,-210.38241021716098,-116.24780629530619,264,774
538,-149.95072287804226,-220.76088643491497,-111.95606991616228,263,781
539,-145.59714452629999,-223.51970528751403,-118.10210914800655,262,780
540,-151.1684642484139,-219.76088643491497,-117.39316617599775,263,780
541,-155.1684642484139,-206.76088643491497,-112.6828934093055,263,778
542,-164.38393910404977,-198.38241021716098,-111.10210914800655,265,775
543,-163.73071791158497,-189.0045555171154,-118.24780629530619,264,766
544,-178.1684642484139,-175.38241021716098,-121.39316617599775,265,759
545,-183.38393910404977,-161.76088643491497,-120.95606991616228,265,748
546,-182.59714452629999,-160.62732186878682,-118.39316617599775,263,735
547,-184.95072287804226,-140.25070880618378,-122.80968378183638,262,720
548,-184.80807759651464,-133.25070880618378,-119.39316617599775,263,700
549,-190.38393910404977,-123.87471586331489,-127.80968378183638,262,682
550,-197.59714452629999,-112.87471586331489,-132.95606991616228,262,662
551,-199.38393910404977,-98.25070880618378,-132.10210914800655,263,650
552,-201.0167353960436,-99.87471586331489,-133.80968378183638,260,632
553,-201.38393910404977,-97.62732186878682,-127.66294592709164,261,633
554,-201.1684642484139,-97.75045309319867,-128.95606991616228,261,631
555,-202.38393910404977,-95.25070880618378,-129.10210914800655,266,636
556,-198.0167353960436,-110.49934257418872,-122.24780629530619,263,656
557,-185.80807759651464,-129.8747158633149,-121.10210914800655,262,697
558,-174.1684642484139,-163.0045555171154,-119.39316617599775,262,737
559,-157.0167353960436,-200.0045555171154,-120.24780629530619,261,776
560,-143.22311500623744,-220.0045555171154,-115.53819360801867,261,782
561,-144.82855551430828,-221.51970528751403,-120.6828934093055,265,786
562,-144.42721350844624,-214.51970528751403,-108.6828934093055,263,783
563,-145.42721350844624,-220.51970528751403,-114.53819360801867,262,780
564,-146.42721350844624,-207.76088643491497,-109.53819360801867,259,779
565,-161.42721350844624,-193.76088643491497,-119.6828934093055,265,771
566,-171.62902798401967,-174.38241021716098,-121.53819360801867,264,764
567,-176.42721350844624,-163.49934257418872,-133.39316617599775,265,743
568,-181.62902798401967,-141.49934257418872,-124.24780629530619,267,725
569,-188.42721350844624,-122.25070880618378,-119.39316617599775,264,700
570,-191.82855551430828,-109.25070880618378,-122.24780629530619,264,672
571,-197.62902798401967,-94.12458847281377,-135.2478062953062,262,640
572,-197.62902798401967,-91.75045309319867,-138.2478062953062,261,629
573,-197.42721350844624,-93.62732186878682,-125.39316617599775,261,632
574,-197.62902798401967,-90.25070880618378,-121.10210914800655,261,634
575,-197.42721350844624,-94.12458847281377,-127.24780629530619,262,634
576,-199.02579318066194,-88.49934257418872,-136.2478062953062,265,639
577,-198.42721350844624,-102.25070880618378,-137.10210914800655,266,657
578,-189.02579318066194,-121.25070880618378,-126.39316617599775,264,702
579,-163.82855551430828,-168.38241021716098,-118.6828934093055,263,750
580,-149.62902798401967,-206.38241021716098,-119.97132939142534,262,777
581,-148.02579318066194,-212.76088643491497,-118.53819360801867,265,785
582,-144.82855551430828,-208.13998463636887,-127.24780629530619,267,784
583,-144.82855551430828,-209.76088643491497,-119.53819360801867,265,784
584,-147.62902798401967,-207.13998463636887,-108.82727039779547,265,783
585,-145.82855551430828,-203.13998463636887,-112.39316617599775,266,784
586,-144.42721350844624,-211.25070880618378,-115.6828934093055,266,785
587,-152.22073806443052,-211.13998463636887,-110.53819360801867,266,784
588,-147.82855551430828,-214.76088643491497,-116.53819360801867,264,784
589,-145.62902798401967,-213.13998463636887,-106.97132939142534,266,783
590,-146.82855551430828,-208.0045555171154,-109.82727039779547,264,783
591,-143.4133872469646,-210.13998463636887,-116.53819360801867,265,784
592,-146.02579318066194,-211.38241021716098,-114.53819360801867,267,783
593,-148.60373780961424,-215.38241021716098,-108.11507520813211,267,783
594,-206.9385736876642,-334.952015508906,-210.8537813267087,340,824
595,-207.9385736876642,-334.3790905634373,-201.512572130913,341,821
596,-207.36031123874193,-333.80682301701734,-212.18386329033547,341,822
597,-210.36031123874193,-330.952015508906,-196.512572130913,340,821
598,-208.66147227485737,-328.3790905634373,-204.18386329033547,342,820
599,-215.08915128707224,-326.952015508906,-200.165889714669,342,819
600,-215.19782444921054,-327.80682301701734,-208.8399126663785,343,822
601,-212.9385736876642,-320.3790905634373,-213.18386329033547,344,821
602,-214.08915128707224,-323.80682301701734,-206.512572130913,342,820
603,-214.08915128707224,-323.952015508906,-206.165889714669,345,820
604,-214.36031123874193,-324.3790905634373,-202.512572130913,345,820
605,-227.9385736876642,-293.3790905634373,-207.8537813267087,344,820
606,-221.36031123874193,-283.3790905634373,-208.512572130913,345,815
607,-233.9385736876642,-262.66426198528984,-207.18386329033547,345,809
608,-243.08915128707224,-232.52559738743227,-221.18386329033547,346,796
609,-254.78006246547386,-213.09983573302446,-211.512572130913,344,787
610,-265.08915128707224,-168.09983573302446,-227.8537813267087,344,726
611,-278.36031123874193,-134.09983573302446,-222.18386329033547,356,681
612,-279.08915128707224,-144.67473007969122,-237.8537813267087,340,665
613,-272.9385736876642,-149.82648491228272,-230.512572130913,336,657
614,-272.08915128707224,-153.9808581572752,-231.85524851816558,337,656
615,-277.78006246547386,-145.67473007969122,-234.512572130913,338,656
616,-280.08915128707224,-154.25027996144112,-225.52232142209618,341,672
617,-266.9385736876642,-186.67473007969122,-222.512572130913,339,705
618,-245.36659901433666,-230.67473007969122,-225.52232142209618,343,740
619,-226.8001932198398,-284.09983573302446,-209.18386329033547,340,775
620,-218.23181861289652,-307.80682301701734,-211.8537813267087,339,794
621,-214.08915128707224,-312.23521333563775,-214.512572130913,341,802
622,-212.08915128707224,-324.3790905634373,-207.8399126663785,346,809
623,-210.23181861289652,-329.952015508906,-197.8399126663785,343,813
624,-214.08915128707224,-321.80682301701734,-198.8399126663785,344,817
625,-217.51485273089122,-297.09983573302446,-212.512572130913,345,817
626,-233.51485273089122,-263.5255973874323,-219.18386329033547,343,809
627,-242.66147227485737,-236.67473007969122,-225.8537813267087,355,795
628,-247.66147227485737,-213.37909056343727,-211.18386329033547,342,771
629,-255.23181861289652,-188.52559738743227,-224.512572130913,342,740
630,-270.08915128707224,-165.52559738743227,-229.8537813267087,344,713
631,-280.08915128707224,-147.67473007969122,-232.18386329033547,339,680
632,-284.5148527308912,-137.67473007969122,-235.18386329033547,341,664
633,-280.78006246547386,-132.67473007969122,-240.8537813267087,340,662
634,-286.08915128707224,-131.25027996144112,-237.8537813267087,344,660
635,-279.9385736876642,-139.82648491228272,-235.18947875856065,345,665
636,-281.36031123874193,-154.09983573302446,-225.52232142209618,339,682
637,-265.5148527308912,-177.67473007969122,-225.8537813267087,344,709
638,-252.36031123874193,-214.09983573302446,-219.18386329033547,343,745
639,-231.9385736876642,-261.952015508906,-205.8399126663785,345,774
640,-211.78006246547386,-295.952015508906,-200.49050809372125,355,794
641,-205.9385736876642,-304.3790905634373,-196.18386329033547,345,806
642,-210.78006246547386,-299.3790905634373,-206.512572130913,345,809
643,-216.78006246547386,-286.3790905634373,-213.18386329033547,345,812
644,-229.19782444921054,-267.80682301701734,-203.165889714669,345,809
645,-238.19782444921054,-239.37909056343727,-215.165889714669,345,801
646,-247.61359427130185,-216.67473007969122,-211.512572130913,346,789
647,-256.9385736876642,-195.09983573302446,-216.8537813267087,345,760
648,-263.61359427130185,-168.52559738743227,-207.52232142209618,345,727
649,-277.0273690130979,-148.95201550890604,-223.8537813267087,344,700
650,-283.84892158120454,-133.67473007969122,-220.8399126663785,344,636
651,-275.61359427130185,-139.40334446622452,-229.8399126663785,341,662
652,-282.78006246547386,-137.67473007969122,-224.8537813267087,342,647
653,-284.61359427130185,-138.82648491228272,-223.18386329033547,344,659
654,-281.4391457559485,-134.25027996144112,-220.52232142209618,344,658
655,-281.19782444921054,-147.25027996144112,-216.8537813267087,342,680
656,-268.36031123874193,-174.25027996144112,-213.18386329033547,348,706
657,-250.19782444921054,-219.67473007969122,-203.18386329033547,347,747
658,-228.78006246547386,-266.23521333563775,-198.18947875856065,345,779
659,-219.36031123874193,-307.80682301701734,-204.512572130913,346,801
660,-212.19782444921054,-304.23521333563775,-193.18386329033547,348,811
661,-216.36031123874193,-301.3790905634373,-190.8537813267087,346,814
662,-216.51485273089122,-285.3790905634373,-199.18386329033547,346,814
663,-226.51485273089122,-270.5255973874323,-202.18386329033547,346,811
664,-243.08915128707224,-240.37909056343727,-208.18386329033547,346,802
665,-251.9385736876642,-219.09983573302446,-218.18386329033547,345,779
666,-263.5148527308912,-192.37909056343727,-224.165889714669,347,752
667,-277.9385736876642,-169.25027996144112,-213.18386329033547,347,717
668,-284.6614722748574,-136.40334446622452,-213.512572130913,345,683
669,-289.9385736876642,-126.25027996144112,-220.512572130913,344,669
670,-287.78006246547386,-129.25027996144112,-216.8537813267087,344,666
671,-283.8001932198398,-129.25027996144112,-215.8537813267087,346,664
672,-288.78006246547386,-132.25027996144112,-218.512572130913,348,669
673,-281.2318186128965,-155.82648491228272,-209.512572130913,356,683
674,-266.2318186128965,-182.67473007969122,-217.18947875856065,347,714
675,-250.9385736876642,-231.95201550890604,-198.18386329033547,346,752
676,-225.78006246547386,-287.3790905634373,-204.52232142209618,347,787
677,-212.51485273089122,-303.952015508906,-190.512572130913,350,806
678,-214.66147227485737,-309.80682301701734,-183.18386329033547,351,811
679,-213.9385736876642,-311.5255973874323,-196.18386329033547,350,813
680,-218.08915128707224,-301.80682301701734,-189.8399126663785,351,813
681,-220.51485273089122,-307.80682301701734,-181.8399126663785,350,814
682,-217.51485273089122,-305.23521333563775,-188.49050809372125,350,814
683,-218.9385736876642,-308.80682301701734,-202.18386329033547,349,815
684,-214.66147227485737,-311.3790905634373,-186.18386329033547,349,815
685,-216.9385736876642,-311.3790905634373,-192.52232142209618,350,815
686,-219.51485273089122,-310.3790905634373,-189.512572130913,350,816
687,-216.9385736876642,-305.80682301701734,-187.49050809372125,350,815
688,-219.66147227485737,-308.80682301701734,-193.512572130913,350,814
689,-220.9385736876642,-305.66426198528984,-186.52232142209618,350,816
690,-218.51485273089122,-306.3790905634373,-187.18386329033547,352,815
691,-219.9385736876642,-310.80682301701734,-176.512572130913,352,815
692,-220.36031123874193,-313.66426198528984,-181.512572130913,350,814
